id,chapter,location,claim,value,status,artefact,command,git_sha,date
EV-1-02,1,report/chapters/01-introduction.md,"EV-1-02: number of lessor-guide fields already printed on the parties' documents, k of n","Seven requested facts: tenant identity, total rent, start, expiry, deposit, payment method, instalment count. Emirates ID maps id_number only. Tawtheeq maps tenant_id_number, annual_rent (one-year term), start_date, end_date, security_deposit and number_of_cheques (instalments). No payment_method field. Title-deed owner_id_number is not tenant identity; its issue_date is not tenancy start or expiry. Overlap: 1, 6, 0.",measured,evaluation/datasets/synthetic-docs-v1/labels.jsonl,source inspection,7cbb41906dfdd9bb0c2d02b3a58ba21c26d233ca,2026-09-28
EV-1-03,1,report/chapters/01-introduction.md,EV-1-03: release tag,Source: this chapter; verdicts in Table 5.10.,observed,report/chapters/05-evaluation.md,source inspection,7cbb41906dfdd9bb0c2d02b3a58ba21c26d233ca,2026-09-28
EV-1-04,1,report/chapters/01-introduction.md,EV-1-04: participant branch confirmed at the freeze,No participant session took place.,not_run,none committed,source inspection,7cbb41906dfdd9bb0c2d02b3a58ba21c26d233ca,2026-09-28
EV-1-05,1,report/chapters/01-introduction.md,EV-1-05: release tag,: Table 1.2. Scope at the release candidate: the status of each workflow and whether it ran deployed or on a device. Source: module code and tests named in chapters 4 and 5; deployed and device runs from the deployment smoke and device proofs. No deployed or device proof is claimed by the caption.,observed,services/api/src/modules/index.ts,source inspection,7cbb41906dfdd9bb0c2d02b3a58ba21c26d233ca,2026-09-28
EV-1-10,1,report/chapters/01-introduction.md,EV-1-10: W1 status per platform and evidence from the acceptance matrix,"W1 owner onboarding | manager, owner | Integrated (S2), local tests passed (S3); stated development steps observed (S4) | Deployed development environment: owner creation; invitation recorded, delivery unverified (docs/evidence/click-through-2026-09-28.md)",observed,docs/evidence/click-through-2026-09-28.md,record and source inspection,0e01e47d506ab0774a9b517061610831a1f5dbdb,2026-09-28
EV-1-11,1,report/chapters/01-introduction.md,EV-1-11: W2 status per platform and evidence from the acceptance matrix,"W2 property and unit setup | manager | Integrated (S2), local tests passed (S3); stated development steps observed (S4) | Deployed development environment: property and two units created with owner approval on (docs/evidence/click-through-2026-09-28.md)",observed,docs/evidence/click-through-2026-09-28.md,record and source inspection,0e01e47d506ab0774a9b517061610831a1f5dbdb,2026-09-28
EV-1-12,1,report/chapters/01-introduction.md,EV-1-12: W3 status per platform and evidence from the acceptance matrix,"W3 tenant onboarding | manager, tenant | Integrated (S2), local tests passed (S3); stated development steps observed (S4) | Deployed development environment: tenant creation, upload, scan, extraction, field review and controlled save; invitation recorded, delivery unverified (docs/evidence/click-through-2026-09-28.md)",observed,docs/evidence/click-through-2026-09-28.md,record and source inspection,0e01e47d506ab0774a9b517061610831a1f5dbdb,2026-09-28
EV-1-13,1,report/chapters/01-introduction.md,EV-1-13: W4 status per platform and evidence from the acceptance matrix,"W4 contract drafting and approval | manager, owner, tenant | Integrated (S2), locally tested (S3); development draft submitted and approved to Concluded (S4) | Deployed development environment: contract C-01 concluded on one version hash after distinct approvals; owner and tenant linked and administratively confirmed (docs/evidence/click-through-2026-09-28.md, steps 17 to 22)",partly_verified,docs/evidence/click-through-2026-09-28.md,record and source inspection,0e01e47d506ab0774a9b517061610831a1f5dbdb,2026-09-28
EV-1-14,1,report/chapters/01-introduction.md,EV-1-14: W5 status per platform and evidence from the acceptance matrix,"W5 Tawtheeq registration (normal, skip and retroactive paths) | manager, owner, tenant | integrated on main (S2), locally tested (S3), but unverified as a complete deployed journey (S4) | Deployed development environment: certificate upload and extraction ran; comparison not performed before the time limit with a mismatched-identity specimen (docs/evidence/click-through-2026-09-28.md, steps 23 and 24)",partly_verified,docs/evidence/click-through-2026-09-28.md,record and source inspection,0e01e47d506ab0774a9b517061610831a1f5dbdb,2026-09-28
EV-1-15,1,report/chapters/01-introduction.md,EV-1-15: W6 status per platform and evidence from the acceptance matrix,"W6 rent schedule and payments | accountant, manager, tenant | not implemented in the recorded baseline | Not run on a deployment: blocked at unavailable workflow or empty section; no complete journey recorded (docs/evidence/click-through-2026-09-28.md)",observed,docs/evidence/click-through-2026-09-28.md,record and source inspection,0e01e47d506ab0774a9b517061610831a1f5dbdb,2026-09-28
EV-1-16,1,report/chapters/01-introduction.md,EV-1-16: W7 status per platform and evidence from the acceptance matrix,"W7 maintenance | tenant, manager, technician, owner | Intake integrated (S2), local tests passed (S3); Android fixture capture, review and ticket confirmation observed; later lifecycle designed only | Not run on a deployment: blocked at absent authenticated tenant and concluded contract; Android fixture intake passed (apps/mobile/docs/device-proof-android.md)",partly_verified,apps/mobile/docs/device-proof-android.md,record and source inspection,0e01e47d506ab0774a9b517061610831a1f5dbdb,2026-09-28
EV-1-17,1,report/chapters/01-introduction.md,EV-1-17: W8 status per platform and evidence from the acceptance matrix,"W8 renewal and move-out | manager, tenant, owner | not implemented in the recorded baseline | Not run on a deployment: blocked at unavailable workflow or empty section; no complete journey recorded (docs/evidence/click-through-2026-09-28.md)",observed,docs/evidence/click-through-2026-09-28.md,record and source inspection,0e01e47d506ab0774a9b517061610831a1f5dbdb,2026-09-28
EV-1-18,1,report/chapters/01-introduction.md,EV-1-18: W9 status per platform and evidence from the acceptance matrix,"W9 owner statements and portfolio | owner, accountant, manager | not implemented in the recorded baseline | Not run on a deployment: blocked at unavailable workflow or empty section; no complete journey recorded (docs/evidence/click-through-2026-09-28.md)",observed,docs/evidence/click-through-2026-09-28.md,record and source inspection,0e01e47d506ab0774a9b517061610831a1f5dbdb,2026-09-28
EV-1-19,1,report/chapters/01-introduction.md,EV-1-19: W10 status per platform and evidence from the acceptance matrix,"W10 document vault and expiry | manager, owner, tenant | not implemented in the recorded baseline except tenant document upload inside W3 | Not run on a deployment: blocked at unavailable workflow or empty section; no complete journey recorded (docs/evidence/click-through-2026-09-28.md)",observed,docs/evidence/click-through-2026-09-28.md,record and source inspection,0e01e47d506ab0774a9b517061610831a1f5dbdb,2026-09-28
EV-1-20,1,report/chapters/01-introduction.md,EV-1-20: W11 status per platform and evidence from the acceptance matrix,"W11 notes, tasks and reminders | all six roles | not implemented in the recorded baseline | Not run on a deployment: blocked at unavailable workflow or empty section; no complete journey recorded (docs/evidence/click-through-2026-09-28.md)",observed,docs/evidence/click-through-2026-09-28.md,record and source inspection,0e01e47d506ab0774a9b517061610831a1f5dbdb,2026-09-28
EV-1-21,1,report/chapters/01-introduction.md,EV-1-21: W12 status per platform and evidence from the acceptance matrix,W12 co-worker order | all six roles | not implemented in the recorded baseline | Not run on a deployment: blocked at unavailable workflow or empty section; no complete journey recorded (docs/evidence/click-through-2026-09-28.md),observed,docs/evidence/click-through-2026-09-28.md,record and source inspection,0e01e47d506ab0774a9b517061610831a1f5dbdb,2026-09-28
EV-1-22,1,report/chapters/01-introduction.md,EV-1-22: W13 status per platform and evidence from the acceptance matrix,W13 notifications and WhatsApp handoff | all six roles | implemented and partly verified; contract email relay exists; push and WhatsApp handoff not implemented in the recorded baseline | Not run on a deployment: blocked at unavailable workflow or empty section; no complete journey recorded (docs/evidence/click-through-2026-09-28.md),observed,docs/evidence/click-through-2026-09-28.md,record and source inspection,0e01e47d506ab0774a9b517061610831a1f5dbdb,2026-09-28
EV-1-23,1,report/chapters/01-introduction.md,EV-1-23: W14 status per platform and evidence from the acceptance matrix,"W14 company sign-up and membership | company administrator | Integrated (S2), local tests passed (S3); stated development steps observed (S4) | Deployed development environment: sign-in, company creation and role assignment after administrative confirmation; email-code delivery unverified (docs/evidence/click-through-2026-09-28.md)",observed,docs/evidence/click-through-2026-09-28.md,record and source inspection,0e01e47d506ab0774a9b517061610831a1f5dbdb,2026-09-28
EV-1-06,1,report/chapters/01-introduction.md,EV-1-06: review document and date,Source: the preliminary review's feedback.,observed,report/chapters/01-introduction.md,source inspection,7cbb41906dfdd9bb0c2d02b3a58ba21c26d233ca,2026-09-28
EV-2-01,2,report/chapters/02-literature-review.md,"EV-2-01: sources identified, screened, included and read in depth, from Appendix H",Appendix H lists every included source with its identifier and the sections that use it.,observed,report/back.md,source inspection,7cbb41906dfdd9bb0c2d02b3a58ba21c26d233ca,2026-09-28
EV-2-02,2,report/chapters/02-literature-review.md,EV-2-02: release tag,"the release candidate, chapters 4 and 5",observed,report/chapters/04-implementation.md; report/chapters/05-evaluation.md,source inspection,7cbb41906dfdd9bb0c2d02b3a58ba21c26d233ca,2026-09-28
EV-2-10,2,report/chapters/02-literature-review.md,EV-2-10: release and evaluation identity,"| Aqarak (measured, release candidate) | Identity cards, Tawtheeq certificates and deeds in Arabic and English (5.4); Emirati and read speech (5.8); photographs not scored | Named person only; IN5 rule test (5.5) | Rule tests IN11 and IN12; discrepancy recall not run (5.4) | Hash chain; tampering detected against an anchor in 9 of 9 cases (5.6) | Not measured; no participant session (5.8) |",partly_verified,packages/domain/src/invariants.test.ts; evaluation/results/held-out-2026-09-28/,source inspection,7cbb41906dfdd9bb0c2d02b3a58ba21c26d233ca,2026-09-28
EV-2-11,2,report/chapters/02-literature-review.md,EV-2-11: intake tests in 5.3 and 5.4 at release,"| Aqarak (measured, release candidate) | Identity cards, Tawtheeq certificates and deeds in Arabic and English (5.4); Emirati and read speech (5.8); photographs not scored | Named person only; IN5 rule test (5.5) | Rule tests IN11 and IN12; discrepancy recall not run (5.4) | Hash chain; tampering detected against an anchor in 9 of 9 cases (5.6) | Not measured; no participant session (5.8) |",partly_verified,packages/domain/src/invariants.test.ts; evaluation/results/held-out-2026-09-28/,source inspection,7cbb41906dfdd9bb0c2d02b3a58ba21c26d233ca,2026-09-28
EV-2-12,2,report/chapters/02-literature-review.md,EV-2-12: named-person commit tests in 5.5 at release,"| Aqarak (measured, release candidate) | Identity cards, Tawtheeq certificates and deeds in Arabic and English (5.4); Emirati and read speech (5.8); photographs not scored | Named person only; IN5 rule test (5.5) | Rule tests IN11 and IN12; discrepancy recall not run (5.4) | Hash chain; tampering detected against an anchor in 9 of 9 cases (5.6) | Not measured; no participant session (5.8) |",partly_verified,packages/domain/src/invariants.test.ts; evaluation/results/held-out-2026-09-28/,source inspection,7cbb41906dfdd9bb0c2d02b3a58ba21c26d233ca,2026-09-28
EV-2-13,2,report/chapters/02-literature-review.md,EV-2-13: discrepancy tests in 5.4 at release,"| Aqarak (measured, release candidate) | Identity cards, Tawtheeq certificates and deeds in Arabic and English (5.4); Emirati and read speech (5.8); photographs not scored | Named person only; IN5 rule test (5.5) | Rule tests IN11 and IN12; discrepancy recall not run (5.4) | Hash chain; tampering detected against an anchor in 9 of 9 cases (5.6) | Not measured; no participant session (5.8) |",partly_verified,packages/domain/src/invariants.test.ts; evaluation/results/held-out-2026-09-28/,source inspection,7cbb41906dfdd9bb0c2d02b3a58ba21c26d233ca,2026-09-28
EV-2-14,2,report/chapters/02-literature-review.md,EV-2-14: chain verification in 5.6 at release,"| Aqarak (measured, release candidate) | Identity cards, Tawtheeq certificates and deeds in Arabic and English (5.4); Emirati and read speech (5.8); photographs not scored | Named person only; IN5 rule test (5.5) | Rule tests IN11 and IN12; discrepancy recall not run (5.4) | Hash chain; tampering detected against an anchor in 9 of 9 cases (5.6) | Not measured; no participant session (5.8) |",partly_verified,packages/domain/src/invariants.test.ts; evaluation/results/held-out-2026-09-28/,source inspection,7cbb41906dfdd9bb0c2d02b3a58ba21c26d233ca,2026-09-28
EV-2-15,2,report/chapters/02-literature-review.md,EV-2-15: reliance evidence or open status in 5.8 at release,"| Aqarak (measured, release candidate) | Identity cards, Tawtheeq certificates and deeds in Arabic and English (5.4); Emirati and read speech (5.8); photographs not scored | Named person only; IN5 rule test (5.5) | Rule tests IN11 and IN12; discrepancy recall not run (5.4) | Hash chain; tampering detected against an anchor in 9 of 9 cases (5.6) | Not measured; no participant session (5.8) |",partly_verified,packages/domain/src/invariants.test.ts; evaluation/results/held-out-2026-09-28/,source inspection,7cbb41906dfdd9bb0c2d02b3a58ba21c26d233ca,2026-09-28
EV-2-04,2,report/chapters/02-literature-review.md,EV-2-04: intended user count and workload from release scope,Resolved from ADR 0005: costed for about 20 users without a measured workload. Paragraph removed by the specified word-budget cut; the about-20-user selection basis remains in section 3.5.,observed,docs/adr/0005-model-selection-method.md,source inspection,7cbb41906dfdd9bb0c2d02b3a58ba21c26d233ca,2026-09-28
TC-3-01,3,report/chapters/03-design.md,"confirmation boundaries, release workflow commands",(`services/api/src/modules/tenants/save.ts`; IN6 in `packages/domain/src/invariants.test.ts`),implemented,services/api/src/modules/tenants/save.ts; packages/domain/src/invariants.test.ts,source inspection,7cbb41906dfdd9bb0c2d02b3a58ba21c26d233ca,2026-09-28
EV-3-01,3,report/chapters/03-design.md,EV-3-01: participant status confirmed at the freeze,No practitioner other than me validated these requirements; no participant session took place.,not_run,none committed,source inspection,7cbb41906dfdd9bb0c2d02b3a58ba21c26d233ca,2026-09-28
TC-3-02,3,report/chapters/03-design.md,"R01 test id, release suite","`services/api/src/modules/contracts/tests/guards.test.ts`, ""binds both clause languages, flags, cheque details and dates in the content hash""; no portal-summary test",implemented,services/api/src/modules/contracts/tests/guards.test.ts,source inspection,7cbb41906dfdd9bb0c2d02b3a58ba21c26d233ca,2026-09-28
TC-3-03,3,report/chapters/03-design.md,"R02 test id, release suite",No test in the release candidate,not_integrated,services/api/src/modules/index.ts,source inspection,7cbb41906dfdd9bb0c2d02b3a58ba21c26d233ca,2026-09-28
TC-3-04,3,report/chapters/03-design.md,"R03 test id, release suite","`packages/domain/src/invariants.test.ts`, ""requires registration document number date identity and approved resolutions""; rule only",implemented,packages/domain/src/invariants.test.ts,source inspection,7cbb41906dfdd9bb0c2d02b3a58ba21c26d233ca,2026-09-28
TC-3-05,3,report/chapters/03-design.md,"R04 test id, release suite",No test in the release candidate,not_implemented,services/api/src/modules/index.ts,source inspection,7cbb41906dfdd9bb0c2d02b3a58ba21c26d233ca,2026-09-28
TC-3-06,3,report/chapters/03-design.md,"R05 test id, release suite","`packages/domain/src/invariants.test.ts`, ""refuses submitted edits and voids approvals on reasoned cancellation""",implemented,packages/domain/src/invariants.test.ts,source inspection,7cbb41906dfdd9bb0c2d02b3a58ba21c26d233ca,2026-09-28
TC-3-07,3,report/chapters/03-design.md,"R06 test id, release suite","`packages/domain/src/invariants.test.ts`, ""refuses early deposit and flags six calendar months""; rule only",implemented,packages/domain/src/invariants.test.ts,source inspection,7cbb41906dfdd9bb0c2d02b3a58ba21c26d233ca,2026-09-28
TC-3-08,3,report/chapters/03-design.md,"R07 test id, release suite","`packages/domain/src/invariants.test.ts`, ""applies VAT only to commercial rent with a nonempty issuer TRN""; rule only",implemented,packages/domain/src/invariants.test.ts,source inspection,7cbb41906dfdd9bb0c2d02b3a58ba21c26d233ca,2026-09-28
TC-3-09,3,report/chapters/03-design.md,"R08 test id, release suite","`packages/domain/src/invariants.test.ts`, ""requires confirmation and field provenance before accepting extracted values""",implemented,packages/domain/src/invariants.test.ts,source inspection,7cbb41906dfdd9bb0c2d02b3a58ba21c26d233ca,2026-09-28
TC-3-10,3,report/chapters/03-design.md,"R09 test id, release suite","`services/api/src/modules/maintenance/intakes.integration.test.ts`, ""AC-6 drafts Arabic voice and photo evidence without a ticket, then confirms edited text with full audit coverage""; database test with model doubles",implemented,services/api/src/modules/maintenance/intakes.integration.test.ts,source inspection,7cbb41906dfdd9bb0c2d02b3a58ba21c26d233ca,2026-09-28
TC-3-11,3,report/chapters/03-design.md,"R10 test id, release suite","`apps/web/src/components/review/document-review-panel.test.tsx`, ""accepts, edits, reverts, marks absence and reports only explicit decisions""",implemented,apps/web/src/components/review/document-review-panel.test.tsx,source inspection,7cbb41906dfdd9bb0c2d02b3a58ba21c26d233ca,2026-09-28
TC-3-12,3,report/chapters/03-design.md,"R11 test id, release suite","`packages/domain/src/invariants.test.ts`, ""allows only read or draft families and only the named person to commit""; rule only",implemented,packages/domain/src/invariants.test.ts,source inspection,7cbb41906dfdd9bb0c2d02b3a58ba21c26d233ca,2026-09-28
TC-3-13,3,report/chapters/03-design.md,"R12 test id, release suite","`packages/domain/src/invariants.test.ts`, ""returns not found for another company's subject""",implemented,packages/domain/src/invariants.test.ts,source inspection,7cbb41906dfdd9bb0c2d02b3a58ba21c26d233ca,2026-09-28
TC-3-14,3,report/chapters/03-design.md,"evaluation run id, frozen sets",`evaluation/results/held-out-2026-09-28/run-metadata.json`,measured,evaluation/results/held-out-2026-09-28/run-metadata.json,source inspection,7cbb41906dfdd9bb0c2d02b3a58ba21c26d233ca,2026-09-28
TC-3-15,3,report/chapters/03-design.md,"R14 test ids, release suite","`packages/domain/src/invariants.test.ts`, ""requires distinct manager owner and tenant approvals on one hash""",implemented,packages/domain/src/invariants.test.ts,source inspection,7cbb41906dfdd9bb0c2d02b3a58ba21c26d233ca,2026-09-28
TC-3-16,3,report/chapters/03-design.md,"change records and linked implementation, release","Every row of Table 3.2 links feedback or literature to a design choice. The chain verifier exists in `packages/domain/src/audit/chain.ts`; its screens are implemented on a separate branch and not integrated into the release candidate (4.6). Extraction returns reasoned nulls through `services/api/src/models/document-extraction.ts`, with unsupported fill measured in section 5.4. Registration and agreement remain separate; source-adjacent review addresses reliance [@bansal2021whole].",partly_verified,packages/domain/src/audit/chain.ts; services/api/src/models/document-extraction.ts,source inspection,7cbb41906dfdd9bb0c2d02b3a58ba21c26d233ca,2026-09-28
TC-3-17,3,report/chapters/03-design.md,linked change records at release,": Table 3.2. Each change has an identifiable trigger. Follow the evidence to the changed behaviour and the section explaining it. Source: marker feedback, registry pages and the cited literature.",observed,report/chapters/03-design.md,source inspection,7cbb41906dfdd9bb0c2d02b3a58ba21c26d233ca,2026-09-28
EV-3-02,3,report/chapters/03-design.md,"EV-3-02: any release click-through defect that changed the design, from the defect record, or delete this row",| Legal hallucination evidence [@dahl2024fictions] | Contract bodies filled from an approved template; models only suggest clause translations | 3.5; 4.5 |,implemented,packages/db/migrations/0401_standard_contract_template.sql; services/api/src/modules/contracts/suggestions.ts,source inspection,7cbb41906dfdd9bb0c2d02b3a58ba21c26d233ca,2026-09-28
TC-3-18,3,report/chapters/03-design.md,"resulting change, linked defect record",| Legal hallucination evidence [@dahl2024fictions] | Contract bodies filled from an approved template; models only suggest clause translations | 3.5; 4.5 |,implemented,packages/db/migrations/0401_standard_contract_template.sql; services/api/src/modules/contracts/suggestions.ts,source inspection,7cbb41906dfdd9bb0c2d02b3a58ba21c26d233ca,2026-09-28
TC-3-19,3,report/chapters/03-design.md,"application boundaries, deployment inventory","The design specifies web and mobile applications sharing an AWS backend (Figure 3.2); section 4.7 reports mock-backed journeys, without real-sign-in integration. The roles are manager, owner, tenant, technician, company administrator and accountant. The manager operates DARI by hand; WhatsApp handoff is not implemented in the release candidate (4.7).",partly_verified,apps/web/playwright.config.ts; apps/mobile/docs/android-emulator.md,source inspection,7cbb41906dfdd9bb0c2d02b3a58ba21c26d233ca,2026-09-28
TC-3-20,3,report/chapters/03-design.md,"containers and session handling, release","Figure 3.3 locates the designed session and model boundaries. The web's backend-for-frontend keeps tokens outside browser JavaScript [@parecki2026bff, sec. 6.1]. Sign-in and membership are implemented on a separate branch and not integrated into the release candidate (4.2). The API, database and document-storage definitions exist in `infra/cdk`; module registration is in `services/api/src/modules/index.ts`. Maintenance intake runs within the request (`maintenance/intake-draft.ts`); contract email uses `notifications/relay.ts` inside the email sandbox. The design specifies comparison, reminder scheduling and push; section 4.5 reports comparison as implemented on a separate branch and not integrated into the release candidate; the scheduler and push are not implemented in the release candidate (4.7).",partly_verified,infra/cdk; services/api/src/modules/index.ts; services/api/src/modules/maintenance/intake-draft.ts; services/api/src/modules/notifications/relay.ts,source inspection,7cbb41906dfdd9bb0c2d02b3a58ba21c26d233ca,2026-09-28
EV-3-04,3,report/chapters/03-design.md,EV-3-04: affected-service count from the dated AWS Health capture,"I chose us-east-1 (Northern Virginia) because the AWS Health Dashboard showed the UAE region disrupted on 27 September 2026 [@aws2026health]; Table 3.5 records the cost. Figure 3.4 presents the deployment design; `infra/cdk/bin/aqarak.ts` and `infra/cdk/src/config.ts` define separate production and development accounts. Personal data rests outside the UAE; cross-border transfer rules therefore apply [@uae2021pdpl, Arts. 22, 23], unofficial translation.",observed,infra/cdk/bin/aqarak.ts; infra/cdk/src/config.ts,source inspection,7cbb41906dfdd9bb0c2d02b3a58ba21c26d233ca,2026-09-28
TC-3-21,3,report/chapters/03-design.md,"account roles and Northern Virginia region, deployment inventory","I chose us-east-1 (Northern Virginia) because the AWS Health Dashboard showed the UAE region disrupted on 27 September 2026 [@aws2026health]; Table 3.5 records the cost. Figure 3.4 presents the deployment design; `infra/cdk/bin/aqarak.ts` and `infra/cdk/src/config.ts` define separate production and development accounts. Personal data rests outside the UAE; cross-border transfer rules therefore apply [@uae2021pdpl, Arts. 22, 23], unofficial translation.",observed,infra/cdk/bin/aqarak.ts; infra/cdk/src/config.ts,source inspection,7cbb41906dfdd9bb0c2d02b3a58ba21c26d233ca,2026-09-28
TC-3-22,3,report/chapters/03-design.md,"composite keys, migrated schema","Company-bearing keys constrain business references (IN1; Figure 3.5; `packages/db/migrations/`). Money uses integer fils, and bilingual fields pair English and Arabic. The design specifies a last-registered-rent check [@adrec2026freeze]; section 4.5 reports it as not implemented in the release candidate.",implemented,packages/db/migrations; packages/domain/src/invariants.test.ts,source inspection,7cbb41906dfdd9bb0c2d02b3a58ba21c26d233ca,2026-09-28
TC-3-23,3,report/chapters/03-design.md,"transitions and guards, domain package","Figure 3.6 distinguishes the contract from the Tawtheeq workflow and portal status (`packages/domain/src/contract/`, `packages/domain/src/tawtheeq/`). Submission freezes the version and owner gate; owner approval, when gated, precedes tenant acceptance. Reasoned cancellation voids approvals. Retroactive conclusion exists as a domain transition, tested by ""refuses retroactive conclusion without confirmed evidence"" in `packages/domain/src/invariants.test.ts`; `services/api/src/modules/contracts/module.ts` exposes no retroactive route.",partly_verified,packages/domain/src/contract; packages/domain/src/tawtheeq; services/api/src/modules/contracts/module.ts,source inspection,7cbb41906dfdd9bb0c2d02b3a58ba21c26d233ca,2026-09-28
TC-3-24,3,report/chapters/03-design.md,"frozen gate precedence, contract version","(`packages/domain/src/owner-gate/index.test.ts`; ""freezes owner gate precedence at submission"" in `packages/domain/src/invariants.test.ts`)",implemented,packages/domain/src/owner-gate/index.test.ts; packages/domain/src/invariants.test.ts,source inspection,7cbb41906dfdd9bb0c2d02b3a58ba21c26d233ca,2026-09-28
TC-3-25,3,report/chapters/03-design.md,"registration paths and adoption versions, domain commands","The design specifies normal, skip and retroactive Tawtheeq paths and adoption persistence; section 4.5 reports these as implemented on a separate branch and not integrated into the release candidate. `packages/domain/src/tawtheeq/index.test.ts` checks identity-adoption refusal and reasoned resolutions. Registered values prevail in the design; material adoption requires owner re-approval when gated.",not_integrated,packages/domain/src/tawtheeq/index.test.ts; services/api/src/modules/index.ts,source inspection,7cbb41906dfdd9bb0c2d02b3a58ba21c26d233ca,2026-09-28
TC-3-26,3,report/chapters/03-design.md,"lifecycle commands, domain package","(`packages/domain/src/lifecycles/`, `maintenance/ticket.ts`, `payments/cheques.ts` and `units/lifecycle.ts`; domain rules, with workflow integration bounded by Table 1.2)",implemented,packages/domain/src/lifecycles; packages/domain/src/maintenance/ticket.ts; packages/domain/src/payments/cheques.ts; packages/domain/src/units/lifecycle.ts,source inspection,7cbb41906dfdd9bb0c2d02b3a58ba21c26d233ca,2026-09-28
TC-3-27,3,report/chapters/03-design.md,"class contracts and confirming roles, registry file",(`services/api/src/models/model-registry.json`) ,implemented,services/api/src/models/model-registry.json,source inspection,7cbb41906dfdd9bb0c2d02b3a58ba21c26d233ca,2026-09-28
EV-3-05,3,report/chapters/03-design.md,"EV-3-05: gate records dated before runs and at least two open-weight and two provider candidates per class, candidate register",The decision records for MC1 and MC3 in `evaluation/decisions/` hold each gate decision; the other classes have no candidate records.,partly_verified,evaluation/decisions/mc1-document-extraction.md; evaluation/decisions/mc3-speech-to-text.md,source inspection,7cbb41906dfdd9bb0c2d02b3a58ba21c26d233ca,2026-09-28
TC-3-28,3,report/chapters/03-design.md,"selection records, registry",(`services/api/src/models/model-registry.json`; MC1 and MC3 held-out `decision.md` records),partly_verified,services/api/src/models/model-registry.json; evaluation/results/held-out-2026-09-28/,source inspection,7cbb41906dfdd9bb0c2d02b3a58ba21c26d233ca,2026-09-28
TC-3-29,3,report/chapters/03-design.md,registry file at release,"`services/api/src/models/model-registry.json` at the release candidate. MC2, MC6 and MC7 are designed but not called by the product; MC3 and MC4 run in the maintenance intake with test doubles only",partly_verified,services/api/src/models/model-registry.json; services/api/src/modules/maintenance/intake-models.ts,source inspection,7cbb41906dfdd9bb0c2d02b3a58ba21c26d233ca,2026-09-28
TC-3-30,3,report/chapters/03-design.md,"no commit tools, gateway and command boundary",IN5 tests read-or-draft tool effects and named-person commitment (`packages/domain/src/invariants.test.ts`); the order workflow is not implemented in the release candidate (4.4).,not_implemented,packages/domain/src/invariants.test.ts,source inspection,7cbb41906dfdd9bb0c2d02b3a58ba21c26d233ca,2026-09-28
TC-3-31,3,report/chapters/03-design.md,"registry exclusivity, release source","I chose one registry entry per purpose, rejecting a learned per-request router [@ong2025routellm] or cascade. Coordination creates design and verification failures [@cemri2025why]. The gateway retries schema-invalid output once; maintenance tries eligible primary and fallback candidates before degrading (`services/api/src/modules/maintenance/intake-models.ts`). Extraction and clause suggestions call only the primary. The test ""AC-1 keeps committed model identifiers only in the registry"" in `services/api/src/models/registry-identifiers.test.ts` scans API source, evaluation source and evaluation Python, excluding the registry and stripping relative imports; it does not scan every repository file.",implemented,services/api/src/models/registry-identifiers.test.ts; services/api/src/models/gateway.ts; services/api/src/modules/maintenance/intake-models.ts,source inspection,7cbb41906dfdd9bb0c2d02b3a58ba21c26d233ca,2026-09-28
TC-3-32,3,report/chapters/03-design.md,"upload and spoken-order traces, seeded company","Figure 3.8 places confirmation before commit (`services/api/src/modules/tenants/save.ts`); Figure 3.9 specifies spoken orders, not implemented in the release candidate (4.4). The design specifies certificate extraction and comparison; section 4.5 reports the Tawtheeq commands as implemented on a separate branch and not integrated into the release candidate. Contract bodies use templates; managers confirm or edit suggested clause translations (`contracts/suggestions.ts`) [@dahl2024fictions].",partly_verified,services/api/src/modules/tenants/save.ts; services/api/src/modules/contracts/suggestions.ts; services/api/src/modules/index.ts,source inspection,7cbb41906dfdd9bb0c2d02b3a58ba21c26d233ca,2026-09-28
TC-3-33,3,report/chapters/03-design.md,"policy matrix and isolation tests, release","Table 3.4 groups the authority rules (`packages/domain/src/permissions/matrix.ts`, `permissions.test.ts`). Forced row-level security binds table owners [@postgres_rls]. Modules resolve current memberships and party links within company transactions; shared sign-in middleware is not integrated (4.2). Module tests establish selected refusals and denial events, without deployed API evidence (5.6).",partly_verified,packages/domain/src/permissions/matrix.ts; packages/domain/src/permissions/permissions.test.ts; services/api/src/modules/documents/http.test.ts,source inspection,7cbb41906dfdd9bb0c2d02b3a58ba21c26d233ca,2026-09-28
TC-3-34,3,report/chapters/03-design.md,generated from the policy file at release; every cell covered by the isolation tests,"my design specification; `packages/domain/src/permissions/matrix.ts` implements 22 capabilities for the six roles, tested in `packages/domain/src/permissions/permissions.test.ts`; this table groups entities for reading and is not generated from that file",implemented,packages/domain/src/permissions/matrix.ts; packages/domain/src/permissions/permissions.test.ts,source inspection,7cbb41906dfdd9bb0c2d02b3a58ba21c26d233ca,2026-09-28
TC-3-35,3,report/chapters/03-design.md,"approval and reason enforcement, commands","(""requires distinct manager owner and tenant approvals on one hash"", `packages/domain/src/invariants.test.ts`)",implemented,packages/domain/src/invariants.test.ts,source inspection,7cbb41906dfdd9bb0c2d02b3a58ba21c26d233ca,2026-09-28
TC-3-36,3,report/chapters/03-design.md,"chain, anchors and application verifier, release","I chose a per-company hash chain, rejecting history trees with Merkle proofs [@crosby2009tamper]. Hash links expose tampering [@schneier1999audit]; full verification grows with the company's events. `audit.verify_chain` and `packages/domain/src/audit/chain.test.ts` check chains against supplied anchors. Without an independent anchor, a rewritten head can conceal tail deletion.",implemented,packages/db/migrations/0001_foundation.sql; packages/domain/src/audit/chain.test.ts,source inspection,7cbb41906dfdd9bb0c2d02b3a58ba21c26d233ca,2026-09-28
TC-3-37,3,report/chapters/03-design.md,"audit coverage and provenance, migrated schema","A deferred check requires exactly one covering event per entity version; AUD-01 in `packages/db/spikes/results/sp2-dev-2026-09-28.json` demonstrates rollback. Audit rows refuse mutation. SHA-256 covers the previous hash, encoding version and canonical event. The design specifies hourly anchoring; section 4.6 reports the on-demand endpoint as implemented on a separate branch and not integrated into the release candidate, with no scheduled job. Provenance follows PROV-DM [@moreau2013provdm], recording the initiating person and confirmed, edited or entered fields. Figure 3.10 locates trust boundaries.",measured,packages/db/spikes/results/sp2-dev-2026-09-28.json,source inspection,7cbb41906dfdd9bb0c2d02b3a58ba21c26d233ca,2026-09-28
TC-3-38,3,report/chapters/03-design.md,"shared review components, built screens","(`apps/web/src/components/review/`; the order workflow is not implemented in the release candidate, section 4.4)",partly_verified,apps/web/src/components/review,source inspection,7cbb41906dfdd9bb0c2d02b3a58ba21c26d233ca,2026-09-28
TC-3-39,3,report/chapters/03-design.md,"critical-field confirmation and calibration status, review components",(`apps/web/src/components/review/review-state.ts`),implemented,apps/web/src/components/review/review-state.ts,source inspection,7cbb41906dfdd9bb0c2d02b3a58ba21c26d233ca,2026-09-28
TC-3-40,3,report/chapters/03-design.md,"role navigation and shared action cards, web and mobile","The design specifies shared review cards for forms and orders; section 4.4 reports orders as not implemented in the release candidate. `resolveMobileRole` and `roleTabs` in `apps/mobile/src/features/auth/role.ts` implement role navigation. Maintenance intake screens exist without a device run; technicians' jobs and owners' approvals are fixture-backed surfaces (4.7). Company administrators and accountants use the web. Arabic layouts mirror while identifiers, amounts and dates retain their direction [@w3c_bidi; @unicode2026uax9]. Target sizes and accessible sign-in follow WCAG 2.2 [@w3c2024wcag22].",partly_verified,apps/mobile/src/features/auth/role.ts,source inspection,7cbb41906dfdd9bb0c2d02b3a58ba21c26d233ca,2026-09-28
TC-3-41,3,report/chapters/03-design.md,decision records matched to the release,`docs/adr/0001` to `0005`,observed,docs/adr,source inspection,7cbb41906dfdd9bb0c2d02b3a58ba21c26d233ca,2026-09-28
EV-3-06,3,report/chapters/03-design.md,EV-3-06: dated regional-health capture substantiating location choice,Disruption observed on 27 September 2026 [@aws2026health],observed,report/references.json,source inspection,7cbb41906dfdd9bb0c2d02b3a58ba21c26d233ca,2026-09-28
EV-4-01,4,report/chapters/04-implementation.md,"EV-4-01: repository URL and release tag with SHA, set at release",Section 4.1 binds current code to 0e01e47d506ab0774a9b517061610831a1f5dbdb; deployed and captured revisions remain explicit,observed,docs/runbooks/wave2b-merge-gate-2026-09-28.md; docs/runbooks/production-smoke-2026-09-28.md,record and source inspection,0e01e47d506ab0774a9b517061610831a1f5dbdb,2026-09-28
EV-4-02,4,report/chapters/04-implementation.md,"EV-4-02: clean-clone command results at the release, from the command log","Latest local verification: 5,014 passes, two skipped live tests; 22 type-check/lint tasks, 11 test tasks, seven web-build tasks",observed,docs/runbooks/wave2b-merge-gate-2026-09-28.md,record and source inspection,0e01e47d506ab0774a9b517061610831a1f5dbdb,2026-09-28
TC-4-01,4,report/chapters/04-implementation.md,demonstration company and reproducible seed command at the release,`services/api/src/modules/contracts/scripts/seed-demo.ts` and the `contracts:seed-demo` command in `services/api/package.json` create a synthetic demonstration company; no seeded deployment was verified here.,partly_verified,services/api/src/modules/contracts/scripts/seed-demo.ts; services/api/package.json,source inspection,7cbb41906dfdd9bb0c2d02b3a58ba21c26d233ca,2026-09-28
TC-4-02,4,report/chapters/04-implementation.md,sign-in and protected-route membership checks in services/api,"ADR 0003's shared sign-in and membership middleware is implemented on a separate branch and not integrated into the release candidate. Modules resolve actors from current memberships and party links: `properties/lib/actor.ts`, `documents/context.ts`, `contracts/runtime/actor.ts` and `maintenance/access.ts` under `services/api/src/modules/`. Documents default to an unconfigured authenticator; contracts allow local signed credentials, properties accept an injected identity or guarded local headers, and maintenance verifies identity tokens.",not_integrated,services/api/src/modules/properties/lib/actor.ts; services/api/src/modules/documents/context.ts; services/api/src/modules/contracts/runtime/actor.ts; services/api/src/modules/contracts/runtime/auth.ts; services/api/src/modules/maintenance/access.ts; services/api/src/modules/properties/lib/identity.ts; services/api/src/modules/maintenance/auth.ts,source inspection,7cbb41906dfdd9bb0c2d02b3a58ba21c26d233ca,2026-09-28
EV-4-04,4,report/chapters/04-implementation.md,"EV-4-04: number of company tables forcing row-level security, of all company tables, from the release catalogue",66 of 66 company tables enable and force row-level security; 72 tables inspected,observed,packages/db/spikes/results/catalogue-wave2b-gate-2026-09-28.json,record and source inspection,0e01e47d506ab0774a9b517061610831a1f5dbdb,2026-09-28
TC-4-03,4,report/chapters/04-implementation.md,listing lines re-anchored at the release tag,Listings 4.1 to 4.5 match cited sed ranges byte for byte: can.ts 146-160; drafted-action.ts 139-152; discrepancies.ts 126-139; guards.ts 90-104; chain.ts 82-96.,observed,packages/domain/src/permissions/can.ts; packages/domain/src/lifecycles/drafted-action.ts; packages/domain/src/tawtheeq/discrepancies.ts; packages/domain/src/contract/guards.ts; packages/domain/src/audit/chain.ts,sed -n with each cited line range; exact string comparison; all five equal,7cbb41906dfdd9bb0c2d02b3a58ba21c26d233ca,2026-09-28
TC-4-04,4,report/chapters/04-implementation.md,subject authorisation and denial transactions in services/api,"`actorCapabilities` serves navigation only. Owner/property, tenant/document and maintenance modules call domain `can`; contracts instead use explicit role/scope guards and domain transitions (`contracts/runtime/actor.ts`). Their refusal handlers write `policy.denied`. In `services/api/src/modules/documents/http.test.ts`, ""refuses a stored replay after a manager becomes an accountant and records one denial"" checks a 403 and exactly one event with test doubles. This is module-level evidence; shared sign-in middleware is not integrated and the deployed API was not exercised.",partly_verified,services/api/src/modules/documents/http.test.ts; services/api/src/modules/properties/lib/actor.ts; services/api/src/modules/properties/lib/runtime.ts; services/api/src/modules/maintenance/access.ts; services/api/src/modules/contracts/runtime/actor.ts; services/api/src/modules/contracts/runtime/request.ts,source inspection,7cbb41906dfdd9bb0c2d02b3a58ba21c26d233ca,2026-09-28
OBS-MC1-LOCAL,4,report/chapters/04-implementation.md section 4.3,Real-model MC1 product run,"One local product run against the development cluster, reported observation; not independently re-run here",observed,none committed,not run in this packet,7cbb41906dfdd9bb0c2d02b3a58ba21c26d233ca,2026-09-28
EV-4-06,4,report/chapters/04-implementation.md,"EV-4-06: remaining screening candidates, from each class's release decision record",None screened,not_run,services/api/src/models/model-registry.json,source inspection,7cbb41906dfdd9bb0c2d02b3a58ba21c26d233ca,2026-09-28
EV-4-07,4,report/chapters/04-implementation.md,"EV-4-07: remaining screening runtimes, from each class's release decision record",n.a.,not_run,services/api/src/models/model-registry.json,source inspection,7cbb41906dfdd9bb0c2d02b3a58ba21c26d233ca,2026-09-28
EV-4-08,4,report/chapters/04-implementation.md,"EV-4-08: remaining screening outcomes, from each class's release decision record",Not screened; registry default in use,not_run,services/api/src/models/model-registry.json,source inspection,7cbb41906dfdd9bb0c2d02b3a58ba21c26d233ca,2026-09-28
EV-4-09,4,report/chapters/04-implementation.md,"EV-4-09: remaining screening values, intervals and n, from each class's release decision record",No scored run (Table 5.4),not_run,services/api/src/models/model-registry.json,source inspection,7cbb41906dfdd9bb0c2d02b3a58ba21c26d233ca,2026-09-28
EV-4-10,4,report/chapters/04-implementation.md,"EV-4-10: MC1 held-out candidate, from the release decision record","| MC1 | `gpt-6-sol` | api | Selected; no validated fallback | 771 of 825 readable fields, 93.5% [90.6, 95.9]; n = 90 documents |",measured,evaluation/results/held-out-2026-09-28/mc1_document_extraction/summary.csv; evaluation/results/held-out-2026-09-28/mc1_document_extraction/scores.json,source inspection,7cbb41906dfdd9bb0c2d02b3a58ba21c26d233ca,2026-09-28
EV-4-11,4,report/chapters/04-implementation.md,"EV-4-11: MC1 held-out outcome, value, interval and n, from the release decision record","| MC1 | `gpt-6-sol` | api | Selected; no validated fallback | 771 of 825 readable fields, 93.5% [90.6, 95.9]; n = 90 documents |",measured,evaluation/results/held-out-2026-09-28/mc1_document_extraction/summary.csv; evaluation/results/held-out-2026-09-28/mc1_document_extraction/scores.json,source inspection,7cbb41906dfdd9bb0c2d02b3a58ba21c26d233ca,2026-09-28
EV-4-12,4,report/chapters/04-implementation.md,"EV-4-12: MC2 held-out candidate, from the release decision record",| MC2 | None | n.a. | No held-out run | No decision record |,not_run,evaluation/decisions; evaluation/results/held-out-2026-09-28/,source inspection,7cbb41906dfdd9bb0c2d02b3a58ba21c26d233ca,2026-09-28
EV-4-13,4,report/chapters/04-implementation.md,"EV-4-13: MC2 held-out outcome, value, interval and n, from the release decision record",| MC2 | None | n.a. | No held-out run | No decision record |,not_run,evaluation/decisions; evaluation/results/held-out-2026-09-28/,source inspection,7cbb41906dfdd9bb0c2d02b3a58ba21c26d233ca,2026-09-28
EV-4-14,4,report/chapters/04-implementation.md,"EV-4-14: MC3 held-out candidate, from the release decision record","| MC3 | `gpt-transcribe` | api | Selected; no validated fallback | MIXAT WER 28.4% [24.5, 32.9], 1,266 edits of 4,453 words, n = 200 clips; FLEURS guards 6.2% and 4.3% |",measured,evaluation/results/held-out-2026-09-28/mc3_speech_to_text/source-summary.csv; evaluation/results/held-out-2026-09-28/mc3_speech_to_text/per-language.csv,source inspection,7cbb41906dfdd9bb0c2d02b3a58ba21c26d233ca,2026-09-28
EV-4-15,4,report/chapters/04-implementation.md,"EV-4-15: MC3 held-out outcome, value, interval and n, from the release decision record","| MC3 | `gpt-transcribe` | api | Selected; no validated fallback | MIXAT WER 28.4% [24.5, 32.9], 1,266 edits of 4,453 words, n = 200 clips; FLEURS guards 6.2% and 4.3% |",measured,evaluation/results/held-out-2026-09-28/mc3_speech_to_text/source-summary.csv; evaluation/results/held-out-2026-09-28/mc3_speech_to_text/per-language.csv,source inspection,7cbb41906dfdd9bb0c2d02b3a58ba21c26d233ca,2026-09-28
EV-4-16,4,report/chapters/04-implementation.md,"EV-4-16: MC4 held-out candidate, from the release decision record",| MC4 | None | n.a. | No held-out run | No decision record |,not_run,evaluation/decisions; evaluation/results/held-out-2026-09-28/,source inspection,7cbb41906dfdd9bb0c2d02b3a58ba21c26d233ca,2026-09-28
EV-4-17,4,report/chapters/04-implementation.md,"EV-4-17: MC4 held-out outcome, value, interval and n, from the release decision record",| MC4 | None | n.a. | No held-out run | No decision record |,not_run,evaluation/decisions; evaluation/results/held-out-2026-09-28/,source inspection,7cbb41906dfdd9bb0c2d02b3a58ba21c26d233ca,2026-09-28
EV-4-18,4,report/chapters/04-implementation.md,"EV-4-18: MC5 held-out candidate, from the release decision record",| MC5 | None | n.a. | No held-out run | No decision record |,not_run,evaluation/decisions; evaluation/results/held-out-2026-09-28/,source inspection,7cbb41906dfdd9bb0c2d02b3a58ba21c26d233ca,2026-09-28
EV-4-19,4,report/chapters/04-implementation.md,"EV-4-19: MC5 held-out outcome, value, interval and n, from the release decision record",| MC5 | None | n.a. | No held-out run | No decision record |,not_run,evaluation/decisions; evaluation/results/held-out-2026-09-28/,source inspection,7cbb41906dfdd9bb0c2d02b3a58ba21c26d233ca,2026-09-28
EV-4-20,4,report/chapters/04-implementation.md,"EV-4-20: MC6 held-out candidate, from the release decision record",| MC6 | None | n.a. | No held-out run | No decision record |,not_run,evaluation/decisions; evaluation/results/held-out-2026-09-28/,source inspection,7cbb41906dfdd9bb0c2d02b3a58ba21c26d233ca,2026-09-28
EV-4-21,4,report/chapters/04-implementation.md,"EV-4-21: MC6 held-out outcome, value, interval and n, from the release decision record",| MC6 | None | n.a. | No held-out run | No decision record |,not_run,evaluation/decisions; evaluation/results/held-out-2026-09-28/,source inspection,7cbb41906dfdd9bb0c2d02b3a58ba21c26d233ca,2026-09-28
EV-4-22,4,report/chapters/04-implementation.md,"EV-4-22: MC7 held-out candidate, from the release decision record",| MC7 | None | n.a. | No held-out run | No decision record |,not_run,evaluation/decisions; evaluation/results/held-out-2026-09-28/,source inspection,7cbb41906dfdd9bb0c2d02b3a58ba21c26d233ca,2026-09-28
EV-4-23,4,report/chapters/04-implementation.md,"EV-4-23: MC7 held-out outcome, value, interval and n, from the release decision record",| MC7 | None | n.a. | No held-out run | No decision record |,not_run,evaluation/decisions; evaluation/results/held-out-2026-09-28/,source inspection,7cbb41906dfdd9bb0c2d02b3a58ba21c26d233ca,2026-09-28
EV-4-24,4,report/chapters/04-implementation.md,EV-4-24: MC1 registry primary after the held-out decision record,gpt-6-sol,registry,services/api/src/models/model-registry.json,record and source inspection,0e01e47d506ab0774a9b517061610831a1f5dbdb,2026-09-28
EV-4-25,4,report/chapters/04-implementation.md,EV-4-25: MC1 registry fallback after the held-out decision record,null,registry,services/api/src/models/model-registry.json,record and source inspection,0e01e47d506ab0774a9b517061610831a1f5dbdb,2026-09-28
EV-4-26,4,report/chapters/04-implementation.md,EV-4-26: MC2 registry primary after the held-out decision record,gpt-6-sol,registry,services/api/src/models/model-registry.json,record and source inspection,0e01e47d506ab0774a9b517061610831a1f5dbdb,2026-09-28
EV-4-27,4,report/chapters/04-implementation.md,EV-4-27: MC2 registry fallback after the held-out decision record,gpt-6-luna,registry,services/api/src/models/model-registry.json,record and source inspection,0e01e47d506ab0774a9b517061610831a1f5dbdb,2026-09-28
EV-4-28,4,report/chapters/04-implementation.md,EV-4-28: MC3 registry primary after the held-out decision record,gpt-transcribe,registry,services/api/src/models/model-registry.json,record and source inspection,0e01e47d506ab0774a9b517061610831a1f5dbdb,2026-09-28
EV-4-29,4,report/chapters/04-implementation.md,EV-4-29: MC3 registry fallback after the held-out decision record,null,registry,services/api/src/models/model-registry.json,record and source inspection,0e01e47d506ab0774a9b517061610831a1f5dbdb,2026-09-28
EV-4-30,4,report/chapters/04-implementation.md,EV-4-30: MC4 registry primary after the held-out decision record,gpt-6-luna,registry,services/api/src/models/model-registry.json,record and source inspection,0e01e47d506ab0774a9b517061610831a1f5dbdb,2026-09-28
EV-4-31,4,report/chapters/04-implementation.md,EV-4-31: MC4 registry fallback after the held-out decision record,gpt-6-sol,registry,services/api/src/models/model-registry.json,record and source inspection,0e01e47d506ab0774a9b517061610831a1f5dbdb,2026-09-28
EV-4-32,4,report/chapters/04-implementation.md,EV-4-32: MC5 registry primary after the held-out decision record,gpt-6-sol,registry,services/api/src/models/model-registry.json,record and source inspection,0e01e47d506ab0774a9b517061610831a1f5dbdb,2026-09-28
EV-4-33,4,report/chapters/04-implementation.md,EV-4-33: MC5 registry fallback after the held-out decision record,null,registry,services/api/src/models/model-registry.json,record and source inspection,0e01e47d506ab0774a9b517061610831a1f5dbdb,2026-09-28
EV-4-34,4,report/chapters/04-implementation.md,EV-4-34: MC6 registry primary after the held-out decision record,text-embedding-3-small,registry,services/api/src/models/model-registry.json,record and source inspection,0e01e47d506ab0774a9b517061610831a1f5dbdb,2026-09-28
EV-4-35,4,report/chapters/04-implementation.md,EV-4-35: MC6 registry fallback after the held-out decision record,null,registry,services/api/src/models/model-registry.json,record and source inspection,0e01e47d506ab0774a9b517061610831a1f5dbdb,2026-09-28
EV-4-36,4,report/chapters/04-implementation.md,EV-4-36: MC7 registry primary after the held-out decision record,gpt-6-luna,registry,services/api/src/models/model-registry.json,record and source inspection,0e01e47d506ab0774a9b517061610831a1f5dbdb,2026-09-28
EV-4-37,4,report/chapters/04-implementation.md,EV-4-37: MC7 registry fallback after the held-out decision record,gpt-6-sol,registry,services/api/src/models/model-registry.json,record and source inspection,0e01e47d506ab0774a9b517061610831a1f5dbdb,2026-09-28
TC-4-05,4,report/chapters/04-implementation.md,MC6 search at the release,search not implemented in the release candidate,not_implemented,services/api/src/modules/index.ts,source inspection,7cbb41906dfdd9bb0c2d02b3a58ba21c26d233ca,2026-09-28
TC-4-06,4,report/chapters/04-implementation.md,MC7 order workflow and role-scoped read and draft tools in services/api,MC7's order-to-draft workflow is not implemented in the release candidate.,not_implemented,services/api/src/modules/index.ts,source inspection,7cbb41906dfdd9bb0c2d02b3a58ba21c26d233ca,2026-09-28
TC-4-07,4,report/chapters/04-implementation.md,"upload, extraction, review wiring and atomic save command in services/api and apps/web","Identity-card upload, extraction, review and controlled save are implemented and verified locally on the development cluster: `services/api/src/modules/documents/commands.ts` binds upload checksums and scan tags; `extraction/command.ts` calls MC1; `documents/review.ts` records field decisions; `tenants/save.ts`, invoked through `documents/http.ts`, saves values, provenance and audit events in one transaction. `tenants/onboarding.integration.test.ts` exercises that boundary. Database suites ran separately without a committed run receipt.",implemented,services/api/src/modules/documents/commands.ts; services/api/src/modules/extraction/command.ts; services/api/src/modules/documents/review.ts; services/api/src/modules/tenants/save.ts; services/api/src/modules/documents/http.ts; services/api/src/modules/tenants/onboarding.integration.test.ts,source inspection,7cbb41906dfdd9bb0c2d02b3a58ba21c26d233ca,2026-09-28
TC-4-08,4,report/chapters/04-implementation.md,template and clause contract renderer in services/api,"`packages/db/migrations/0401_standard_contract_template.sql` stores ten fixed bilingual sections; `services/api/src/modules/contracts/render.ts` fills stored values. `contracts/suggestions.ts` uses MC5 for an Arabic clause translation that the manager confirms or edits. This is implemented and partly verified: model calls use test doubles; PDF rendering is not implemented in the release candidate. Contract email goes through `notifications/relay.ts`, restricted to verified recipients in the email service sandbox.",partly_verified,packages/db/migrations/0401_standard_contract_template.sql; services/api/src/modules/contracts/render.ts; services/api/src/modules/contracts/suggestions.ts; services/api/src/modules/contracts/tests/render.test.ts; services/api/src/modules/notifications/relay.ts,source inspection,7cbb41906dfdd9bb0c2d02b3a58ba21c26d233ca,2026-09-28
TC-4-09,4,report/chapters/04-implementation.md,deterministic certificate field comparison in services/api,Tawtheeq registration and certificate comparison commands are implemented on a separate branch and not integrated into the release candidate. Renewal rent checks are not implemented in the release candidate.,not_integrated,services/api/src/modules/index.ts,source inspection,7cbb41906dfdd9bb0c2d02b3a58ba21c26d233ca,2026-09-28
TC-4-10,4,report/chapters/04-implementation.md,independent chain-head anchoring job writing to audit-anchor storage,Audit trail screens and the on-demand anchoring endpoint are implemented on a separate branch and not integrated into the release candidate. A scheduled anchoring job is not implemented in the release candidate.,not_integrated,services/api/src/modules/index.ts,source inspection,7cbb41906dfdd9bb0c2d02b3a58ba21c26d233ca,2026-09-28
EV-4-38,4,report/chapters/04-implementation.md,"EV-4-38: Playwright test count at the release, from the CI run",`playwright test --list` lists 73 tests in 13 files at the release candidate (`evidence/test-run-2026-09-28.json`); they run against the in-repository mock of the API and outside CI. No web journey has run against the API with real sign-in.,not_run,evidence/test-run-2026-09-28.json; apps/web/playwright.config.ts,source inspection,7cbb41906dfdd9bb0c2d02b3a58ba21c26d233ca,2026-09-28
EV-4-39,4,report/chapters/04-implementation.md,"EV-4-39: CI result at the release, from the verification and commit jobs",No later passing hosted run is established by the cited records; local gates passed,observed,docs/runbooks/wave2b-merge-gate-2026-09-28.md,record and source inspection,0e01e47d506ab0774a9b517061610831a1f5dbdb,2026-09-28
EV-4-40,4,report/chapters/04-implementation.md,EV-4-40: CI run id at the release,"Table 4.4 keeps historical package counts from the earlier 5,013-test gate; latest full gate is 5,014",observed,docs/runbooks/wave2b-merge-gate-2026-09-28.md; docs/runbooks/dev-journey-smoke-2026-09-28.md,record and source inspection,0e01e47d506ab0774a9b517061610831a1f5dbdb,2026-09-28
EV-4-41,4,report/chapters/04-implementation.md,"EV-4-41: packages/domain test count, from the release CI run","2588 passed in the earlier 5,013-test local gate; historical package count",observed,docs/runbooks/dev-journey-smoke-2026-09-28.md,record and source inspection,0e01e47d506ab0774a9b517061610831a1f5dbdb,2026-09-28
EV-4-42,4,report/chapters/04-implementation.md,"EV-4-42: packages/db test count, from the release CI run","98 passed in the earlier 5,013-test local gate; historical package count",observed,docs/runbooks/dev-journey-smoke-2026-09-28.md,record and source inspection,0e01e47d506ab0774a9b517061610831a1f5dbdb,2026-09-28
EV-4-43,4,report/chapters/04-implementation.md,"EV-4-43: services/api test count, from the release CI run","496 passed in the earlier 5,013-test local gate; historical package count",observed,docs/runbooks/dev-journey-smoke-2026-09-28.md,record and source inspection,0e01e47d506ab0774a9b517061610831a1f5dbdb,2026-09-28
EV-4-44,4,report/chapters/04-implementation.md,"EV-4-44: apps/web test count, from the release CI run","987 passed in the earlier 5,013-test local gate; historical package count",observed,docs/runbooks/dev-journey-smoke-2026-09-28.md,record and source inspection,0e01e47d506ab0774a9b517061610831a1f5dbdb,2026-09-28
EV-4-45,4,report/chapters/04-implementation.md,"EV-4-45: apps/mobile test count, from the release CI run","270 passed in the earlier 5,013-test local gate; historical package count",observed,docs/runbooks/dev-journey-smoke-2026-09-28.md,record and source inspection,0e01e47d506ab0774a9b517061610831a1f5dbdb,2026-09-28
EV-4-46,4,report/chapters/04-implementation.md,"EV-4-46: evaluation test count, from the release CI run","215 passed in the earlier 5,013-test local gate; historical package count",observed,docs/runbooks/dev-journey-smoke-2026-09-28.md,record and source inspection,0e01e47d506ab0774a9b517061610831a1f5dbdb,2026-09-28
EV-4-47,4,report/chapters/04-implementation.md,"EV-4-47: infra/cdk test count, from the release CI run","70 passed in the earlier 5,013-test local gate; historical package count",observed,docs/runbooks/dev-journey-smoke-2026-09-28.md,record and source inspection,0e01e47d506ab0774a9b517061610831a1f5dbdb,2026-09-28
EV-4-48,4,report/chapters/04-implementation.md,"EV-4-48: Hash-chained audit with property tests test count, from the release CI run",47 passed,measured,packages/domain/src/audit/chain.test.ts,pnpm --filter @aqarak/domain exec vitest run src/audit/chain.test.ts; exit 0; 47 passed,7cbb41906dfdd9bb0c2d02b3a58ba21c26d233ca,2026-09-28
EV-4-49,4,report/chapters/04-implementation.md,"EV-4-49: Forced row-level security with transaction-local context test count, from the release CI run",ISO-05 development-cluster isolation; current catalogue includes 66 company tables,observed,packages/db/spikes/results/sp2-dev-2026-09-28.json; packages/db/spikes/results/catalogue-wave2b-gate-2026-09-28.json,record and source inspection,0e01e47d506ab0774a9b517061610831a1f5dbdb,2026-09-28
EV-4-50,4,report/chapters/04-implementation.md,"EV-4-50: Deferred audit-coverage constraint test count, from the release CI run","AUD-01, development cluster",measured,packages/db/spikes/results/sp2-dev-2026-09-28.json,source inspection,7cbb41906dfdd9bb0c2d02b3a58ba21c26d233ca,2026-09-28
EV-4-51,4,report/chapters/04-implementation.md,"EV-4-51: Schema-validated model output with receipts test count, from the release CI run",8 passed,measured,services/api/src/models/gateway.test.ts,pnpm --filter @aqarak/api exec vitest run src/models/gateway.test.ts; exit 0; 8 passed,7cbb41906dfdd9bb0c2d02b3a58ba21c26d233ca,2026-09-28
EV-5-01,5,report/chapters/05-evaluation.md,EV-5-01: release tag and results path at the tag,Release: the release candidate; results under `evaluation/results/held-out-2026-09-28/`.,observed,evaluation/results/held-out-2026-09-28/,source inspection,7cbb41906dfdd9bb0c2d02b3a58ba21c26d233ca,2026-09-28
EV-5-02,5,report/chapters/05-evaluation.md,"EV-5-02: real-document split size and labeller, or not run, from the release dataset record",| Real documents | n.a. | Not collected: no real-document split exists | n.a. | n.a. | n.a. | n.a. | n.a. | n.a. |,not_run,evaluation/datasets,source inspection,7cbb41906dfdd9bb0c2d02b3a58ba21c26d233ca,2026-09-28
EV-5-03,5,report/chapters/05-evaluation.md,EV-5-03: MC2 result or not-run reason from the release decision record,| MC2 contract text understanding | Images and text | Term accuracy; discrepancy recall and precision on planted pairs | Not run: no scored comparison; certificate extraction and comparison are not integrated into the release candidate | `manual_entry` |,not_run,services/api/src/modules/index.ts; services/api/src/models/model-registry.json,source inspection,7cbb41906dfdd9bb0c2d02b3a58ba21c26d233ca,2026-09-28
EV-5-04,5,report/chapters/05-evaluation.md,EV-5-04: MC4 result or not-run reason from the release decision record,"| MC4 photo triage | Images | Safety-flag recall with Wilson interval; category macro-F1 | Not run: the maintenance intake calls the registry default, exercised only with test doubles | `untriaged` |",not_run,services/api/src/modules/index.ts; services/api/src/models/model-registry.json,source inspection,7cbb41906dfdd9bb0c2d02b3a58ba21c26d233ca,2026-09-28
EV-5-05,5,report/chapters/05-evaluation.md,EV-5-05: class-specific measure from the MC5 decision record,"| MC5 drafting | Text | Grounding violations per draft, specified in ADR 0005 | Not run: clause-translation suggestions call an unevaluated default | `template_only` |",not_run,services/api/src/modules/index.ts; services/api/src/models/model-registry.json,source inspection,7cbb41906dfdd9bb0c2d02b3a58ba21c26d233ca,2026-09-28
EV-5-06,5,report/chapters/05-evaluation.md,EV-5-06: MC5 result or not-run reason from the release decision record,"| MC5 drafting | Text | Grounding violations per draft, specified in ADR 0005 | Not run: clause-translation suggestions call an unevaluated default | `template_only` |",not_run,services/api/src/modules/index.ts; services/api/src/models/model-registry.json,source inspection,7cbb41906dfdd9bb0c2d02b3a58ba21c26d233ca,2026-09-28
EV-5-07,5,report/chapters/05-evaluation.md,EV-5-07: MC6 result or not-run reason from the release decision record,| MC6 embeddings | Text | nDCG over queries; ADR 0005 specifies nDCG at rank 10 | Not run: search is not implemented in the release candidate | `lexical_only` |,not_run,services/api/src/modules/index.ts; services/api/src/models/model-registry.json,source inspection,7cbb41906dfdd9bb0c2d02b3a58ba21c26d233ca,2026-09-28
EV-5-08,5,report/chapters/05-evaluation.md,EV-5-08: MC7 result or not-run reason from the release decision record,"| MC7 orchestration | Text | Exact match, clarification rate, pass^3 | Not run: the order-to-action workflow is not implemented in the release candidate | `forms_only` |",not_run,services/api/src/modules/index.ts; services/api/src/models/model-registry.json,source inspection,7cbb41906dfdd9bb0c2d02b3a58ba21c26d233ca,2026-09-28
EV-5-09,5,report/chapters/05-evaluation.md,"EV-5-09: planted pairs and recall, or not run, from the MC2 release results",Not run,not_run,evaluation/results/held-out-2026-09-28/,source inspection,7cbb41906dfdd9bb0c2d02b3a58ba21c26d233ca,2026-09-28
EV-5-10,5,report/chapters/05-evaluation.md,EV-5-10: results path for orchestrated-task and injection runs at the release,: Table 5.6. Orchestrated tasks and injected instructions. Model failure and system containment are scored apart. Read Status first. Source: `packages/domain/src/invariants.test.ts` for IN5; no orchestrated-task or injection results exist.,not_run,packages/domain/src/invariants.test.ts,source inspection,7cbb41906dfdd9bb0c2d02b3a58ba21c26d233ca,2026-09-28
EV-5-11,5,report/chapters/05-evaluation.md,EV-5-11: stage-attributed task results from the voice-note evaluation,Android fixture intake reached edited transcript and ticket confirmation; no scored task evaluation or deployed mobile model call,partly_verified,apps/mobile/docs/device-proof-android.md,record and source inspection,0e01e47d506ab0774a9b517061610831a1f5dbdb,2026-09-28
EV-5-12,5,report/chapters/05-evaluation.md,EV-5-12: exact matches and denominator from the MC7 evaluation,"| Order to drafted action, exact match | Orders | Not run | Not run: workflow not implemented |",not_run,services/api/src/modules/maintenance/intake-models.ts; services/api/src/modules/index.ts; evaluation/results,source inspection,7cbb41906dfdd9bb0c2d02b3a58ba21c26d233ca,2026-09-28
EV-5-13,5,report/chapters/05-evaluation.md,EV-5-13: clarification count and denominator from the MC7 evaluation,| Clarification when underspecified | Orders | Not run | Not run: workflow not implemented |,not_run,services/api/src/modules/maintenance/intake-models.ts; services/api/src/modules/index.ts; evaluation/results,source inspection,7cbb41906dfdd9bb0c2d02b3a58ba21c26d233ca,2026-09-28
EV-5-14,5,report/chapters/05-evaluation.md,EV-5-14: repeated-task results from the MC7 evaluation,| pass^3 over three repeats | Orders | Not run | Not run: workflow not implemented |,not_run,services/api/src/modules/maintenance/intake-models.ts; services/api/src/modules/index.ts; evaluation/results,source inspection,7cbb41906dfdd9bb0c2d02b3a58ba21c26d233ca,2026-09-28
EV-5-15,5,report/chapters/05-evaluation.md,EV-5-15: model attack successes and cases from the injection evaluation,| Injected instruction followed by model | Cases | Not run | Not run: no injection or task evaluation performed |,not_run,services/api/src/modules/maintenance/intake-models.ts; services/api/src/modules/index.ts; evaluation/results,source inspection,7cbb41906dfdd9bb0c2d02b3a58ba21c26d233ca,2026-09-28
EV-5-16,5,report/chapters/05-evaluation.md,EV-5-16: commit-containment results and cases from the injection evaluation,| Injected instruction reaching commit | Cases | Not run | Not run: no injection or task evaluation performed |,not_run,services/api/src/modules/maintenance/intake-models.ts; services/api/src/modules/index.ts; evaluation/results,source inspection,7cbb41906dfdd9bb0c2d02b3a58ba21c26d233ca,2026-09-28
EV-5-17,5,report/chapters/05-evaluation.md,EV-5-17: unsafe executions and denominator from the task evaluation,| Unsafe executions | Tasks | Not run | Not run: no injection or task evaluation performed |,not_run,services/api/src/modules/maintenance/intake-models.ts; services/api/src/modules/index.ts; evaluation/results,source inspection,7cbb41906dfdd9bb0c2d02b3a58ba21c26d233ca,2026-09-28
EV-5-18,5,report/chapters/05-evaluation.md,EV-5-18: task cost from the orchestration results,| Cost per task | USD | Not run | Not run: workflow not implemented |,not_run,services/api/src/modules/maintenance/intake-models.ts; services/api/src/modules/index.ts; evaluation/results,source inspection,7cbb41906dfdd9bb0c2d02b3a58ba21c26d233ca,2026-09-28
EV-5-19,5,report/chapters/05-evaluation.md,EV-5-19: denial events per refused API request from the release API tests,| `services/api/src/modules/documents/http.test.ts` | Role changed before replay | module test | 403 with exactly one `policy.denied` event | Passed at module level with test doubles; deployed API not exercised |,partly_verified,services/api/src/modules/documents/http.test.ts; evidence/test-run-2026-09-28.json,source inspection,7cbb41906dfdd9bb0c2d02b3a58ba21c26d233ca,2026-09-28
EV-5-20,5,report/chapters/05-evaluation.md,"EV-5-20: integration and release suite counts, workspace count and CI run from committed verification receipts","Latest full local gate: 5,014 passed, two skipped; no hosted pass assumed",observed,docs/runbooks/wave2b-merge-gate-2026-09-28.md,record and source inspection,0e01e47d506ab0774a9b517061610831a1f5dbdb,2026-09-28
EV-5-21,5,report/chapters/05-evaluation.md,EV-5-21: browser run count and clean-checkout result from a committed browser receipt,"| `apps/web/e2e/*.spec.ts` | English and Arabic, light and dark, accessibility | 73 listed in 13 files; no committed run | Serious or critical accessibility violations fail checks | Listed, not run for the receipt; not part of CI |",not_run,evidence/test-run-2026-09-28.json,source inspection,7cbb41906dfdd9bb0c2d02b3a58ba21c26d233ca,2026-09-28
EV-5-23,5,report/chapters/05-evaluation.md,EV-5-23: actual recruitment per role from the participant table,; no participant was recruited,not_run,none committed,source inspection,7cbb41906dfdd9bb0c2d02b3a58ba21c26d233ca,2026-09-28
EV-5-24,5,report/chapters/05-evaluation.md,"EV-5-24: consent, recording, storage and retention procedure confirmed before the first session","; because no session took place, this procedure has not been exercised",not_run,none committed,source inspection,7cbb41906dfdd9bb0c2d02b3a58ba21c26d233ca,2026-09-28
EV-5-25,5,report/chapters/05-evaluation.md,EV-5-25: success levels per task with denominators from participant results,"Outcomes remain unmeasured because no session took place: task success, errors caught, SUS or A-SUS, and severity-linked changes rechecked.",not_run,none committed,source inspection,7cbb41906dfdd9bb0c2d02b3a58ba21c26d233ca,2026-09-28
EV-5-26,5,report/chapters/05-evaluation.md,EV-5-26: errors caught and planted denominator from participant results,"Outcomes remain unmeasured because no session took place: task success, errors caught, SUS or A-SUS, and severity-linked changes rechecked.",not_run,none committed,source inspection,7cbb41906dfdd9bb0c2d02b3a58ba21c26d233ca,2026-09-28
EV-5-27,5,report/chapters/05-evaluation.md,EV-5-27: language-specific scores and denominators from participant results,"Outcomes remain unmeasured because no session took place: task success, errors caught, SUS or A-SUS, and severity-linked changes rechecked.",not_run,none committed,source inspection,7cbb41906dfdd9bb0c2d02b3a58ba21c26d233ca,2026-09-28
EV-5-28,5,report/chapters/05-evaluation.md,"EV-5-28: findings, decisions and repeated-task results from the participant record","Outcomes remain unmeasured because no session took place: task success, errors caught, SUS or A-SUS, and severity-linked changes rechecked.",not_run,none committed,source inspection,7cbb41906dfdd9bb0c2d02b3a58ba21c26d233ca,2026-09-28
EV-5-29,5,report/chapters/05-evaluation.md,EV-5-29: email production-access status from the release account-status record,Email remains restricted to verified addresses in the email service sandbox; production access had not been granted on 28 September 2026. Reported release status; no account query or committed account-status receipt in this packet.,observed,none committed,source inspection,7cbb41906dfdd9bb0c2d02b3a58ba21c26d233ca,2026-09-28
EV-5-30,5,report/chapters/05-evaluation.md,EV-5-30: release email restriction from the account-status record,Sending limited to verified recipients; production access not granted on 28 September 2026 Reported release status; no account query or committed account-status receipt in this packet.,observed,none committed,source inspection,7cbb41906dfdd9bb0c2d02b3a58ba21c26d233ca,2026-09-28
RUN-CONTROL-01,5,report/chapters/05-evaluation.md Table 5.7,"Focused invariant, owner-gate and permission test run","216 passed in 3 files; with the separately recorded 47 chain cases, 263 control cases passed",measured,packages/domain/src/invariants.test.ts; packages/domain/src/owner-gate/index.test.ts; packages/domain/src/permissions/permissions.test.ts,pnpm --filter @aqarak/domain exec vitest run src/invariants.test.ts src/owner-gate/index.test.ts src/permissions/permissions.test.ts; exit 0,7cbb41906dfdd9bb0c2d02b3a58ba21c26d233ca,2026-09-28
EV-0-01,0,report/front.md,EV-0-01: final evidence binding,Repository: https://github.com/mo-elshetiwi/aqarak (tag v1.0.0),observed,RELEASE_URL.txt,record and source inspection,0e01e47d506ab0774a9b517061610831a1f5dbdb,2026-09-28
EV-4-03,4,report/chapters/04-implementation.md,EV-4-03: final evidence binding,"At the time of writing, on 28 September 2026, the web application is served at https://aqarak.ae by Vercel (deployment dpl_5QsvJRCpQeESNreGhGuVtXJ1Pmjh), and its API answers at the production stage on AWS (https://o35fudxk20.execute-api.us-east-1.amazonaws.com/prod/). This was verified at 16:17 Asia/Dubai by the English and Arabic sign-in pages (status 200; lang en with dir ltr, lang ar with dir rtl) and by the API health route (200, status ok) and version route (200, version 0.1.0, stage prod), as recorded in docs/evidence/public-address-check-2026-09-28.md. No signed-in journey was run on the public address; the end-to-end journey evidence in this report was recorded against the deployed development API (docs/evidence/click-through-2026-09-28.md).",observed,DEPLOY_STATUS.txt,record and source inspection,0e01e47d506ab0774a9b517061610831a1f5dbdb,2026-09-28
BIND-4-52,4,report/chapters/04-implementation.md,BIND-4-52: final evidence binding,Superseded report mapping before P-433: Original Figure 4.1 retained as Figure 4.1; report/figures/fig-4-1.png,superseded,docs/evidence/click-through-2026-09-28.md,record and source inspection,0e01e47d506ab0774a9b517061610831a1f5dbdb,2026-09-28
BIND-4-53,4,report/chapters/04-implementation.md,BIND-4-53: final evidence binding,Superseded report mapping before P-433: Original Figure 4.2 retained as Figure 4.2; report/figures/fig-4-2.png,superseded,docs/evidence/click-through-2026-09-28.md,record and source inspection,0e01e47d506ab0774a9b517061610831a1f5dbdb,2026-09-28
BIND-4-54,4,report/chapters/04-implementation.md,BIND-4-54: final evidence binding,Superseded report mapping before P-433: Original Figure 4.3 retained as Figure 4.3; report/figures/fig-4-3.png,superseded,docs/evidence/click-through-2026-09-28.md,record and source inspection,0e01e47d506ab0774a9b517061610831a1f5dbdb,2026-09-28
BIND-4-55,4,report/chapters/04-implementation.md,BIND-4-55: final evidence binding,Superseded report mapping before P-433: Original Figure 4.4 retained as Figure 4.4; report/figures/fig-4-4.png,superseded,docs/evidence/click-through-2026-09-28.md,record and source inspection,0e01e47d506ab0774a9b517061610831a1f5dbdb,2026-09-28
BIND-4-56,4,report/chapters/04-implementation.md,BIND-4-56: final evidence binding,Superseded report mapping before P-433: Original Figure 4.5 and references removed: no qualifying capture; order and money workflows excluded where applicable,superseded,docs/evidence/click-through-2026-09-28.md; docs/runbooks/wave2b-merge-gate-2026-09-28.md,record and source inspection,0e01e47d506ab0774a9b517061610831a1f5dbdb,2026-09-28
BIND-4-57,4,report/chapters/04-implementation.md,BIND-4-57: final evidence binding,Superseded report mapping before P-433: Original Figure 4.6 retained as Figure 4.5; report/figures/fig-4-5.png,superseded,docs/evidence/click-through-2026-09-28.md,record and source inspection,0e01e47d506ab0774a9b517061610831a1f5dbdb,2026-09-28
BIND-4-58,4,report/chapters/04-implementation.md,BIND-4-58: final evidence binding,Superseded report mapping before P-433: Original Figure 4.7 retained as Figure 4.6; report/figures/fig-4-6.png,superseded,apps/mobile/docs/device-proof-android.md,record and source inspection,0e01e47d506ab0774a9b517061610831a1f5dbdb,2026-09-28
BIND-4-59,4,report/chapters/04-implementation.md,BIND-4-59: final evidence binding,Superseded report mapping before P-433: Original Figure 4.8 retained as Figure 4.7; report/figures/fig-4-7.png,superseded,apps/mobile/docs/device-proof-android.md,record and source inspection,0e01e47d506ab0774a9b517061610831a1f5dbdb,2026-09-28
BIND-4-60,4,report/chapters/04-implementation.md,BIND-4-60: final evidence binding,Superseded report mapping before P-433: Original Figure 4.9 and references removed: no qualifying capture; order and money workflows excluded where applicable,superseded,docs/evidence/click-through-2026-09-28.md; docs/runbooks/wave2b-merge-gate-2026-09-28.md,record and source inspection,0e01e47d506ab0774a9b517061610831a1f5dbdb,2026-09-28
BIND-4-61,4,report/chapters/04-implementation.md,BIND-4-61: final evidence binding,Superseded report mapping before P-433: Original Figure 4.10 and references removed: no qualifying capture; order and money workflows excluded where applicable,superseded,docs/evidence/click-through-2026-09-28.md; docs/runbooks/wave2b-merge-gate-2026-09-28.md,record and source inspection,0e01e47d506ab0774a9b517061610831a1f5dbdb,2026-09-28
EV-5-22,5,report/chapters/05-evaluation.md,EV-5-22: final evidence binding,"Table 5.11: 29 recorded steps, with passed operations and blocked causes preserved",partly_verified,docs/evidence/click-through-2026-09-28.md,record and source inspection,0e01e47d506ab0774a9b517061610831a1f5dbdb,2026-09-28
EV-4-52,4,docs/evidence/click-through-2026-09-28.md,"Sign-in screen on deployed development, English and Arabic",Sign-in succeeded after administrative confirmation; redirect to company setup,observed,report/figures/screens/wf00-sh01-signin-en.png; report/figures/screens/wf00-sh01-signin-ar.png,next build and next start of apps/web in HTTP API mode against the deployed development API; browser session at 1440 by 900,65b0edbd5c7ca872ba8d3c36d3ad710627a57a8f,2026-09-28
EV-4-53,4,docs/evidence/click-through-2026-09-28.md,"Company home after company creation, English and Arabic",Company created through the interface; home shows an empty attention list,observed,report/figures/screens/wf11-sh06-home-en.png; report/figures/screens/wf11-sh06-home-ar.png,next build and next start of apps/web in HTTP API mode against the deployed development API; browser session at 1440 by 900,65b0edbd5c7ca872ba8d3c36d3ad710627a57a8f,2026-09-28
EV-4-54,4,docs/evidence/click-through-2026-09-28.md,"Owner, property with owner approval on, two units","Owner record, property with ""Owner approval: On (property choice)"" and 2 vacant units",observed,report/figures/screens/wf01-pp01-owner-record-en.png; report/figures/screens/wf02-pp04-property-units-en.png,next build and next start of apps/web in HTTP API mode against the deployed development API; browser session at 1440 by 900,65b0edbd5c7ca872ba8d3c36d3ad710627a57a8f,2026-09-28
EV-4-55,4,docs/evidence/click-through-2026-09-28.md,Emirates ID upload through scan to review (demo step 1),"Upload and file checks about 6 s, malware scan about 10 s, review opened about 52 s after Upload and read",observed,report/figures/screens/wf01-ai01-upload-en.png; report/figures/screens/wf01-ai01-upload-progress-en.png,next build and next start of apps/web in HTTP API mode against the deployed development API; browser session at 1440 by 900,65b0edbd5c7ca872ba8d3c36d3ad710627a57a8f,2026-09-28
EV-4-56,4,docs/evidence/click-through-2026-09-28.md,Model extraction review beside the card (demo step 2; fig-4-1),"10 proposed fields; model line mc1_document_extraction/gpt-6-sol, document_extraction@1; 2 fields flagged, 2 not on document",observed,report/figures/screens/wf01-ai02-extraction-review-en.png; report/figures/screens/wf01-ai02-extraction-review-ar.png; report/figures/screens/fig-4-1.png,next build and next start of apps/web in HTTP API mode against the deployed development API; browser session at 1440 by 900,65b0edbd5c7ca872ba8d3c36d3ad710627a57a8f,2026-09-28
EV-4-57,4,docs/evidence/click-through-2026-09-28.md,Human review decisions field by field (demo step 3),"8 accepted after viewing the source, 2 marked not on document; the 8 accepted values equal the specimen label values",observed,report/figures/screens/wf01-ai02-source-view-en.png; report/figures/screens/wf01-ai02-review-decided-en.png,next build and next start of apps/web in HTTP API mode against the deployed development API; browser session at 1440 by 900,65b0edbd5c7ca872ba8d3c36d3ad710627a57a8f,2026-09-28
EV-4-58,4,docs/evidence/click-through-2026-09-28.md,Controlled save of the reviewed identity (demo step 4),Check page with per-field provenance; after Save identity the tenant is Accepted and Verified,observed,report/figures/screens/wf01-ai03-check-answers-en.png; report/figures/screens/wf01-ai03-saved-en.png,next build and next start of apps/web in HTTP API mode against the deployed development API; browser session at 1440 by 900,65b0edbd5c7ca872ba8d3c36d3ad710627a57a8f,2026-09-28
EV-4-59,4,docs/evidence/click-through-2026-09-28.md,Contract drafting from the template (demo step 5; fig-4-3),"Before linking: Save draft refused (policy.denied twice). After linking: draft C-01 saved, v1 hash f04b 00df 5ebd 2f6a",observed,report/figures/screens/wf04-ct02-draft-refused-en.png; report/figures/screens/wf04-ct02-contract-draft-en.png; report/figures/screens/fig-4-3.png,next build and next start of apps/web in HTTP API mode against the deployed development API; browser session at 1440 by 900,65b0edbd5c7ca872ba8d3c36d3ad710627a57a8f,2026-09-28
EV-4-60,4,docs/evidence/click-through-2026-09-28.md,"Approval state: submit, owner approval, tenant acceptance (demo step 6; fig-4-4)","Submitted 16:06, owner approved 16:07 in the owner session, tenant accepted 16:08 in the tenant session; Concluded with three approvals on v1 f04b 00df 5ebd 2f6a",observed,report/figures/screens/wf04-ct04-owner-gate-en.png; report/figures/screens/wf04-ct04-owner-gate-ar.png; report/figures/screens/wf04-ct05-concluded-tenant-en.png; report/figures/screens/fig-4-4.png,next build and next start of apps/web in HTTP API mode against the deployed development API; browser session at 1440 by 900,65b0edbd5c7ca872ba8d3c36d3ad710627a57a8f,2026-09-28
EV-4-61,4,docs/evidence/click-through-2026-09-28.md,"Tawtheeq upload, comparison and discrepancy resolution","Upload and field extraction ran (twelve fields, first render could not load the source); comparison and resolution not run: no synthetic certificate for this tenant",partly_verified,report/figures/screens/wf05-tw02-portal-summary-en.png; report/figures/screens/wf05-tw03-review-en.png,next build and next start of apps/web in HTTP API mode against the deployed development API; browser session at 1440 by 900,65b0edbd5c7ca872ba8d3c36d3ad710627a57a8f,2026-09-28
EV-4-62,4,docs/evidence/click-through-2026-09-28.md,Audit trail with chain verification (demo step 7; fig-4-6),"Chain verified at mid-run (1 to 36, 36 events; Arabic 1 to 37) and at the end (1 to 58, 58 events); includes 2 refused policy.denied events, 3 approval.approved and contract.concluded; no anchor recorded",observed,report/figures/screens/wf16-au01-audit-en.png; report/figures/screens/wf16-au01-audit-ar.png; report/figures/screens/wf16-au01-audit-final-en.png; report/figures/screens/fig-4-6.png,next build and next start of apps/web in HTTP API mode against the deployed development API; browser session at 1440 by 900,65b0edbd5c7ca872ba8d3c36d3ad710627a57a8f,2026-09-28
EV-4-63,4,docs/evidence/click-through-2026-09-28.md,Upload from a non-allowed browser origin and recovery,Failed: S3 PUT preflight refused by bucket CORS; the Emirates ID task then stays Processing with no retry control,not_run,report/figures/screens/wf03-pp06-upload-stuck-en.png,next build and next start of apps/web in HTTP API mode against the deployed development API; browser session at 1440 by 900,65b0edbd5c7ca872ba8d3c36d3ad710627a57a8f,2026-09-28
EV-4-64,4,docs/evidence/click-through-2026-09-28.md,"Money, co-worker and other section pages","Section shells with empty states; co-worker ""not available in this company yet"", no question sent",partly_verified,report/figures/screens/wf06-mn01-money-shell-en.png; report/figures/screens/wf15-ai05-coworker-unavailable-en.png,next build and next start of apps/web in HTTP API mode against the deployed development API; browser session at 1440 by 900,65b0edbd5c7ca872ba8d3c36d3ad710627a57a8f,2026-09-28
EV-4-65,4,docs/evidence/click-through-2026-09-28.md,Owner and tenant linking through invitation links,"Links from the manager resend route (200, inviteUrl); accounts created with the invited synthetic addresses, confirmed administratively, invitations accepted (2 invitation.accepted)",partly_verified,docs/evidence/click-through-2026-09-28.md,next build and next start of apps/web in HTTP API mode against the deployed development API; browser session at 1440 by 900,65b0edbd5c7ca872ba8d3c36d3ad710627a57a8f,2026-09-28
EV-4-66,4,docs/evidence/click-through-2026-09-28.md,Controlled path refuses a wrongly sized identity number (fig-4-2),"Edited ID number one digit short; Continue to check answers refused with ""ID number: Check this field against the document.""; nothing saved",observed,report/figures/screens/wf01-ai03-refused-id-size-en.png; report/figures/screens/fig-4-2.png,next build and next start of apps/web in HTTP API mode against the deployed development API; browser session at 1440 by 900,65b0edbd5c7ca872ba8d3c36d3ad710627a57a8f,2026-09-28
EV-4-67,4,docs/evidence/click-through-2026-09-28.md,Report screen figures from the deployed click-through,"fig-4-1 to fig-4-6, fig-4-9 and fig-4-10 are live deployed development captures; fig-4-5 shows extraction only, no comparison",observed,report/figures/screens/fig-4-4.png; report/figures/screens/fig-4-5.png; report/figures/screens/fig-4-9.png; report/figures/screens/fig-4-10.png,next build and next start of apps/web in HTTP API mode against the deployed development API; browser session at 1440 by 900,65b0edbd5c7ca872ba8d3c36d3ad710627a57a8f,2026-09-28
DP-ANDROID-01,5,apps/mobile/docs/device-proof-android.md,"DP-ANDROID-01: deployed development API reachable, unauthenticated","GET /v1/health 200 {""status"":""ok""}; GET /v1/system/version 200 {""version"":""0.1.0"",""stage"":""dev""} at 2026-09-28T11:55Z",observed,apps/mobile/docs/device-proof-android.md,curl -s -w ' HTTP %{http_code}' <apiUrl>v1/health and v1/system/version,65b0edbd5c7ca872ba8d3c36d3ad710627a57a8f,2026-09-28
DP-ANDROID-02,5,apps/mobile/docs/device-proof-android.md,DP-ANDROID-02: installed Android debug build matches the recorded APK,Installed base.apk SHA-256 979f54fdd081698d0ab25d95a989f268e095797585338c66c531f91a10db8e14 equals the 06:47 build from 54f8a41; JavaScript served from 65b0edb; native binary not rebuilt (diff limited to icon and splash assets and one JavaScript dependency),observed,apps/mobile/docs/device-proof-android.md,adb -s emulator-5554 install -r app-debug.apk; adb shell sha256sum <base.apk>,65b0edbd5c7ca872ba8d3c36d3ad710627a57a8f,2026-09-28
DP-ANDROID-03,5,apps/mobile/docs/device-proof-android.md,DP-ANDROID-03: tenant fault report flow on the Android emulator in fixture mode,"Sign-in, home, unit, photo, 24-second voice note, fixture transcript edit, drafted ticket confirmation and ticket detail completed with the on-device fixture adapter; no deployed sign-in, upload, transcription or ticket persistence",observed,apps/mobile/docs/screenshots/wf08_sh01_sign-in_en_fixture_android.png to wf08_sh14_tickets-list_en_fixture_android.png,CI=1 EXPO_PUBLIC_AUTH_ADAPTER=fixture pnpm exec expo start --dev-client --port 8081; adb exec-out screencap -p,65b0edbd5c7ca872ba8d3c36d3ad710627a57a8f,2026-09-28
DP-ANDROID-04,5,apps/mobile/docs/device-proof-android.md,"DP-ANDROID-04: sign-in screen with the deployed API base URL, English and Arabic",http adapter sign-in rendered without Demo label in English and Arabic (right-to-left); no credentials entered,observed,apps/mobile/docs/screenshots/wf08_sh02_sign-in_en_http_android.png; apps/mobile/docs/screenshots/wf08_sh02_sign-in_ar_http_android.png,CI=1 EXPO_PUBLIC_AUTH_ADAPTER=http EXPO_PUBLIC_API_BASE_URL=<apiUrl> pnpm exec expo start --dev-client --port 8081 --clear,65b0edbd5c7ca872ba8d3c36d3ad710627a57a8f,2026-09-28
DP-ANDROID-05,5,apps/mobile/docs/device-proof-android.md,DP-ANDROID-05: owner approval and tenant acceptance screens on the emulator,Shown from the development gallery with fixed synthetic examples; decisions not confirmed and not live records,observed,apps/mobile/docs/screenshots/wf08_sh15_owner-review_en_gallery_android.png to wf08_sh18_tenant-confirm_en_gallery_android.png,adb exec-out screencap -p,65b0edbd5c7ca872ba8d3c36d3ad710627a57a8f,2026-09-28
DP-ANDROID-06,5,apps/mobile/docs/device-proof-android.md,DP-ANDROID-06: deployed mobile sign-in and tenant report against the deployed API,Not run; requires the author's own confirmed development accounts and a concluded contract for the tenant,blocked,none committed,none,65b0edbd5c7ca872ba8d3c36d3ad710627a57a8f,2026-09-28
P433-FIG-4-2,4,report/chapters/04-implementation.md Figure 4.2,Final report figure source binding,report/figures/fig-4-2.png is an exact copy of report/figures/screens/fig-4-1.png,captured,docs/evidence/click-through-2026-09-28.md,SHA-256 equality and source-image inspection,0e01e47d506ab0774a9b517061610831a1f5dbdb,2026-09-28
P433-FIG-4-3,4,report/chapters/04-implementation.md Figure 4.3,Final report figure source binding,report/figures/fig-4-3.png is an exact copy of report/figures/screens/fig-4-2.png,captured,docs/evidence/click-through-2026-09-28.md,SHA-256 equality and source-image inspection,0e01e47d506ab0774a9b517061610831a1f5dbdb,2026-09-28
P433-FIG-4-4,4,report/chapters/04-implementation.md Figure 4.4,Final report figure source binding,report/figures/fig-4-4.png is an exact copy of report/figures/screens/fig-4-3.png,captured,docs/evidence/click-through-2026-09-28.md,SHA-256 equality and source-image inspection,0e01e47d506ab0774a9b517061610831a1f5dbdb,2026-09-28
P433-FIG-4-5,4,report/chapters/04-implementation.md Figure 4.5,Final report figure source binding,report/figures/fig-4-5.png is an exact copy of report/figures/screens/fig-4-10.png,captured,docs/evidence/click-through-2026-09-28.md,SHA-256 equality and source-image inspection,0e01e47d506ab0774a9b517061610831a1f5dbdb,2026-09-28
P433-FIG-4-6,4,report/chapters/04-implementation.md Figure 4.6,Final report figure source binding,report/figures/fig-4-6.png is an exact copy of report/figures/screens/fig-4-9.png,captured,docs/evidence/click-through-2026-09-28.md,SHA-256 equality and source-image inspection,0e01e47d506ab0774a9b517061610831a1f5dbdb,2026-09-28
P433-FIG-4-7,4,report/chapters/04-implementation.md Figure 4.7,Final report figure source binding,report/figures/fig-4-7.png is an exact copy of report/figures/screens/fig-4-4.png,captured,docs/evidence/click-through-2026-09-28.md,SHA-256 equality and source-image inspection,0e01e47d506ab0774a9b517061610831a1f5dbdb,2026-09-28
P433-FIG-4-8,4,report/chapters/04-implementation.md Figure 4.8,Final report figure source binding,report/figures/fig-4-8.png is an exact copy of report/figures/screens/fig-4-5.png,captured,docs/evidence/click-through-2026-09-28.md,SHA-256 equality and source-image inspection,0e01e47d506ab0774a9b517061610831a1f5dbdb,2026-09-28
P433-FIG-4-9,4,report/chapters/04-implementation.md Figure 4.9,Final report figure source binding,report/figures/fig-4-9.png is an exact copy of report/figures/screens/fig-4-6.png,captured,docs/evidence/click-through-2026-09-28.md,SHA-256 equality and source-image inspection,0e01e47d506ab0774a9b517061610831a1f5dbdb,2026-09-28
P433-FIG-4-10,4,report/chapters/04-implementation.md Figure 4.10,Final report figure source binding,report/figures/fig-4-10.png is an exact copy of report/figures/screens/fig-4-7.png,captured,apps/mobile/docs/device-proof-android.md,SHA-256 equality and source-image inspection,0e01e47d506ab0774a9b517061610831a1f5dbdb,2026-09-28
P433-FIG-4-1,4,report/chapters/04-implementation.md Figure 4.1,Public sign-in capture pair,English left and Arabic right; source pixels preserved side by side,captured,docs/evidence/public-address-check-2026-09-28.md,Pixel equality of each source panel,0e01e47d506ab0774a9b517061610831a1f5dbdb,2026-09-28
